batch_size,learning_rate,split_count,cnt_min,cnt_max,embedding_dim,category_embedding_dim,checkpoint,epoch_num,accuracy,topk_accuracy,early_stop_epoch,hidden_size,metric_rankme,metric_coherence,metric_pseudo_condition_number,metric_alpha_req,metric_stable_rank,metric_ne_sum,metric_self_clustering,metric_ripser,time_rankme,time_coherence,time_pseudo_condition_number,time_alpha_req,time_stable_rank,time_ne_sum,time_self_clustering,time_ripser
64,0.014984720453736125,5,20,50,16,16,checkpoints/model_optuna_trial_0_epoch=epoch=00-v1.ckpt,0,0.64,0.5988281965255737,30,64,26.6478,23.336,0.0,7.038,1.1278,7.5296,0.779,-2522.7126,0.0002,0.0008,0.0,0.0003,0.0008,0.0043,0.0173,0.8213
32,0.0006803749119180427,3,20,100,8,4,checkpoints/model_optuna_trial_0_epoch=epoch=00.ckpt,0,0.576,0.37457603216171265,30,128,42.3314,10.8256,0.003,3.7087,1.302,7.1578,0.6033,-2121.8694,0.0001,0.0008,0.0,0.0003,0.0008,0.0036,0.0142,1.3623
64,0.00013349933685557125,2,10,50,32,4,checkpoints/model_optuna_trial_0_epoch=epoch=00.ckpt,0,0.544,0.05513139069080353,26,64,28.7883,16.3918,0.0072,3.0504,1.1595,12.3049,0.7425,-990.4816,0.0001,0.0008,0.0,0.0004,0.0008,0.0027,0.0117,0.8177
64,0.00013349933685557125,2,10,50,32,4,checkpoints/model_optuna_trial_0_epoch=epoch=01.ckpt,1,0.552,0.07412996888160706,26,64,31.186,14.3192,0.0082,2.9671,1.1881,12.5293,0.7095,-1134.8896,0.0001,0.0007,0.0,0.0003,0.0007,0.0024,0.0127,0.9255
64,0.00013349933685557125,2,10,50,32,4,checkpoints/model_optuna_trial_0_epoch=epoch=02.ckpt,2,0.556,0.08797940611839294,26,64,32.6282,14.7279,0.0092,2.8404,1.2024,12.0617,0.6937,-1230.5122,0.0001,0.0003,0.0,0.0003,0.0002,0.0016,0.0123,0.9487
64,0.00013349933685557125,2,10,50,32,4,checkpoints/model_optuna_trial_0_epoch=epoch=03.ckpt,3,0.548,0.09392755478620529,26,64,33.507,9.9361,0.01,2.7677,1.2185,10.6019,0.6765,-1286.6916,0.0001,0.0003,0.0,0.0003,0.0008,0.0017,0.0124,0.8644
64,0.00013349933685557125,2,10,50,32,4,checkpoints/model_optuna_trial_0_epoch=epoch=04.ckpt,4,0.536,0.10901988297700882,26,64,34.3968,13.5712,0.0107,2.6636,1.2322,9.504,0.6632,-1338.057,0.0001,0.0002,0.0,0.0003,0.0009,0.0024,0.0126,0.8567
64,0.00013349933685557125,2,10,50,32,4,checkpoints/model_optuna_trial_0_epoch=epoch=05.ckpt,5,0.58,0.11612215638160706,26,64,34.8181,9.7069,0.0113,2.614,1.24,9.9416,0.6551,-1373.185,0.0001,0.0007,0.0,0.0003,0.0001,0.0027,0.0161,0.8433
64,0.00013349933685557125,2,10,50,32,4,checkpoints/model_optuna_trial_0_epoch=epoch=06.ckpt,6,0.576,0.12064985930919647,26,64,34.7253,9.5333,0.0114,2.5715,1.2351,9.5854,0.6609,-1395.4549,0.0001,0.0007,0.0,0.0003,0.0001,0.0027,0.0125,0.8677
64,0.00013349933685557125,2,10,50,32,4,checkpoints/model_optuna_trial_0_epoch=epoch=07.ckpt,7,0.56,0.1287286877632141,26,64,35.3009,10.8552,0.012,2.5134,1.2433,9.8823,0.6535,-1430.1802,0.0001,0.0007,0.0,0.0003,0.0009,0.0018,0.0138,0.8377
64,0.00013349933685557125,2,10,50,32,4,checkpoints/model_optuna_trial_0_epoch=epoch=08.ckpt,8,0.54,0.130859375,26,64,35.7209,11.0128,0.0125,2.4841,1.2547,9.86,0.6425,-1467.0257,0.0001,0.0007,0.0,0.0003,0.0001,0.0022,0.0127,0.9519
64,0.00013349933685557125,2,10,50,32,4,checkpoints/model_optuna_trial_0_epoch=epoch=09.ckpt,9,0.544,0.13307882845401764,26,64,35.999,5.9467,0.0128,2.4818,1.2583,10.2561,0.6382,-1489.3132,0.0001,0.0003,0.0,0.0003,0.0007,0.0023,0.0122,0.8231
64,0.00013349933685557125,2,10,50,32,4,checkpoints/model_optuna_trial_0_epoch=epoch=10.ckpt,10,0.58,0.13707385957241058,26,64,36.241,10.4918,0.013,2.4552,1.2626,10.1504,0.6349,-1507.2938,0.0001,0.0003,0.0,0.0003,0.0009,0.0024,0.0127,0.8397
64,0.00013349933685557125,2,10,50,32,4,checkpoints/model_optuna_trial_0_epoch=epoch=11.ckpt,11,0.564,0.1365411877632141,26,64,36.2421,10.0227,0.0131,2.4536,1.2635,10.0058,0.6339,-1517.7133,0.0001,0.0007,0.0,0.0003,0.0001,0.0022,0.0134,0.8674
64,0.00013349933685557125,2,10,50,32,4,checkpoints/model_optuna_trial_0_epoch=epoch=12.ckpt,12,0.58,0.13822798430919647,26,64,36.3099,7.4397,0.0132,2.4641,1.2661,9.9432,0.6308,-1528.6277,0.0001,0.0003,0.0,0.0003,0.0007,0.0023,0.0128,0.8305
64,0.00013349933685557125,2,10,50,32,4,checkpoints/model_optuna_trial_0_epoch=epoch=13.ckpt,13,0.6,0.13920454680919647,26,64,36.2009,8.0428,0.0132,2.457,1.2601,10.4601,0.6365,-1536.0489,0.0001,0.0003,0.0,0.0003,0.0008,0.0015,0.0123,0.8551
64,0.00013349933685557125,2,10,50,32,4,checkpoints/model_optuna_trial_0_epoch=epoch=14.ckpt,14,0.584,0.14186789095401764,26,64,36.2117,7.0717,0.0132,2.4661,1.2625,10.3977,0.6339,-1546.3508,0.0001,0.0016,0.0,0.0003,0.0002,0.0025,0.0135,0.9571
64,0.00013349933685557125,2,10,50,32,4,checkpoints/model_optuna_trial_0_epoch=epoch=15.ckpt,15,0.576,0.1435546875,26,64,36.367,8.5502,0.0134,2.4537,1.2653,10.6681,0.6312,-1559.9119,0.0001,0.0006,0.0,0.0003,0.0008,0.0015,0.0131,0.8619
64,0.00013349933685557125,2,10,50,32,4,checkpoints/model_optuna_trial_0_epoch=epoch=16.ckpt,16,0.572,0.14213423430919647,26,64,36.6352,9.0668,0.0137,2.4441,1.271,10.8702,0.6259,-1576.0073,0.0001,0.0007,0.0,0.0003,0.0008,0.0015,0.0145,0.8602
64,0.00013349933685557125,2,10,50,32,4,checkpoints/model_optuna_trial_0_epoch=epoch=17.ckpt,17,0.58,0.14346590638160706,26,64,36.709,10.8022,0.0139,2.4304,1.2708,10.5196,0.6273,-1589.7098,0.0001,0.0003,0.0,0.0003,0.0001,0.0021,0.0142,0.8904
64,0.00013349933685557125,2,10,50,32,4,checkpoints/model_optuna_trial_0_epoch=epoch=18.ckpt,18,0.548,0.14905895292758942,26,64,36.5461,8.1303,0.0135,2.4565,1.269,10.82,0.6274,-1594.6915,0.0001,0.0008,0.0,0.0003,0.0001,0.0019,0.0128,0.8827
64,0.00013349933685557125,2,10,50,32,4,checkpoints/model_optuna_trial_0_epoch=epoch=19.ckpt,19,0.576,0.1443536877632141,26,64,36.5669,9.8998,0.0136,2.4449,1.2674,10.7431,0.6295,-1601.8315,0.0001,0.0003,0.0,0.0003,0.0009,0.0015,0.0144,0.8671
64,0.00013349933685557125,2,10,50,32,4,checkpoints/model_optuna_trial_0_epoch=epoch=20.ckpt,20,0.596,0.14488635957241058,26,64,36.426,11.6767,0.0136,2.4298,1.2615,10.1399,0.6362,-1604.7514,0.0001,0.0007,0.0,0.0003,0.0002,0.0026,0.0128,0.8651
64,0.00013349933685557125,2,10,50,32,4,checkpoints/model_optuna_trial_0_epoch=epoch=21.ckpt,21,0.564,0.1466619372367859,26,64,36.8158,10.8927,0.014,2.4361,1.2743,10.4535,0.6227,-1622.3089,0.0001,0.0003,0.0,0.0003,0.0003,0.0022,0.014,0.8463
64,0.00013349933685557125,2,10,50,32,4,checkpoints/model_optuna_trial_0_epoch=epoch=22.ckpt,22,0.556,0.1502130627632141,26,64,36.5395,9.758,0.0136,2.4456,1.2661,10.5674,0.6304,-1617.424,0.0001,0.0012,0.0,0.0003,0.0002,0.0015,0.0146,0.9188
64,0.00013349933685557125,2,10,50,32,4,checkpoints/model_optuna_trial_0_epoch=epoch=23.ckpt,23,0.608,0.14985795319080353,26,64,36.6938,9.866,0.0138,2.4423,1.2703,10.4625,0.6263,-1626.6785,0.0001,0.0007,0.0,0.0003,0.0008,0.0023,0.0127,0.8761
64,0.00013349933685557125,2,10,50,32,4,checkpoints/model_optuna_trial_0_epoch=epoch=24.ckpt,24,0.572,0.15127840638160706,26,64,36.6954,10.8724,0.0138,2.4342,1.2683,10.7386,0.6281,-1631.1319,0.0001,0.0003,0.0,0.0003,0.0008,0.0019,0.0124,0.8751
64,0.00013349933685557125,2,10,50,32,4,checkpoints/model_optuna_trial_0_epoch=epoch=25.ckpt,25,0.564,0.15163351595401764,26,64,36.5225,10.227,0.0136,2.4421,1.2637,10.7092,0.6326,-1628.7748,0.0001,0.0003,0.0,0.0003,0.0003,0.0023,0.0132,0.926
64,0.00013349933685557125,2,10,50,32,4,checkpoints/model_optuna_trial_0_epoch=epoch=26.ckpt,26,0.596,0.1513671875,26,64,36.7644,11.4955,0.0139,2.4329,1.2699,10.476,0.6271,-1641.2108,0.0001,0.0002,0.0,0.0003,0.0009,0.0017,0.0121,0.8746
64,0.00013349933685557125,2,10,50,32,4,checkpoints/model_optuna_trial_0_epoch=epoch=27.ckpt,27,0.6,0.15065695345401764,26,64,36.8302,11.3728,0.0138,2.4342,1.272,10.3115,0.6249,-1650.007,0.0001,0.0003,0.0,0.0003,0.0009,0.0027,0.0135,0.9545
64,0.00013349933685557125,2,10,50,32,4,checkpoints/model_optuna_trial_0_epoch=epoch=28.ckpt,28,0.584,0.15491832792758942,26,64,36.5099,11.6323,0.0135,2.4368,1.2623,10.4941,0.6343,-1645.5208,0.0001,0.0007,0.0,0.0003,0.0003,0.0021,0.0136,0.8412
64,0.00013349933685557125,2,10,50,32,4,checkpoints/model_optuna_trial_0_epoch=epoch=29.ckpt,29,0.592,0.14870382845401764,26,64,36.9914,12.3465,0.0138,2.4152,1.2734,10.5588,0.6243,-1663.9221,0.0001,0.0003,0.0,0.0003,0.0009,0.0016,0.0129,0.9123
64,0.0009661704940787522,5,10,50,8,8,checkpoints/model_optuna_trial_1_epoch=epoch=00.ckpt,0,0.536,0.41012075543403625,14,64,30.0026,7.4467,0.0054,2.6539,1.1376,10.8818,0.7749,-1403.6232,0.0001,0.0007,0.0,0.0003,0.0008,0.0024,0.0118,0.9179
64,0.0009661704940787522,5,10,50,8,8,checkpoints/model_optuna_trial_1_epoch=epoch=01.ckpt,1,0.56,0.48107245564460754,14,64,32.1556,7.6005,0.0047,2.5261,1.1553,10.6411,0.7519,-1603.5076,0.0001,0.0008,0.0,0.0003,0.0002,0.0016,0.0133,0.8092
64,0.0009661704940787522,5,10,50,8,8,checkpoints/model_optuna_trial_1_epoch=epoch=02.ckpt,2,0.636,0.5252131819725037,14,64,32.3812,10.2972,0.0029,2.5509,1.1552,10.0724,0.7519,-1747.3053,0.0001,0.0003,0.0,0.0003,0.0009,0.002,0.0131,0.7909
64,0.0009661704940787522,5,10,50,8,8,checkpoints/model_optuna_trial_1_epoch=epoch=03.ckpt,3,0.576,0.5436079502105713,14,64,32.7254,10.5243,0.002,2.5563,1.1552,11.2368,0.7507,-1853.6129,0.0001,0.0008,0.0,0.0003,0.0008,0.0024,0.0124,0.7801
64,0.0009661704940787522,5,10,50,8,8,checkpoints/model_optuna_trial_1_epoch=epoch=04.ckpt,4,0.556,0.5555397868156433,14,64,32.8228,9.2713,0.0022,2.5408,1.154,10.9983,0.7518,-1942.2818,0.0001,0.0008,0.0,0.0003,0.0011,0.0019,0.0151,0.7402
64,0.0009661704940787522,5,10,50,8,8,checkpoints/model_optuna_trial_1_epoch=epoch=05.ckpt,5,0.632,0.570099413394928,14,64,32.9038,10.4929,0.0024,2.5074,1.1499,11.4369,0.757,-2010.3776,0.0001,0.0003,0.0,0.0003,0.0003,0.0024,0.0129,0.7533
64,0.0009661704940787522,5,10,50,8,8,checkpoints/model_optuna_trial_1_epoch=epoch=06.ckpt,6,0.628,0.5752484798431396,14,64,33.2729,7.7248,0.0025,2.5367,1.1557,12.0911,0.7487,-2079.3998,0.0001,0.0003,0.0,0.0003,0.0009,0.0024,0.0127,0.7521
64,0.0009661704940787522,5,10,50,8,8,checkpoints/model_optuna_trial_1_epoch=epoch=07.ckpt,7,0.624,0.5935014486312866,14,64,32.9353,9.4507,0.0028,2.5026,1.1479,12.0922,0.7585,-2103.0991,0.0001,0.0003,0.0,0.0003,0.0002,0.003,0.0132,0.7475
64,0.0009661704940787522,5,10,50,8,8,checkpoints/model_optuna_trial_1_epoch=epoch=08.ckpt,8,0.652,0.5859375596046448,14,64,33.4438,12.1911,0.0024,2.4585,1.153,12.0994,0.7519,-2159.6545,0.0001,0.0007,0.0,0.0003,0.0002,0.0027,0.0155,0.7507
64,0.0009661704940787522,5,10,50,8,8,checkpoints/model_optuna_trial_1_epoch=epoch=09.ckpt,9,0.68,0.5954545736312866,14,64,33.2749,13.8405,0.0018,2.4718,1.1495,12.5725,0.7562,-2180.2968,0.0001,0.0003,0.0,0.0003,0.0003,0.0027,0.0133,0.7697
64,0.0009661704940787522,5,10,50,8,8,checkpoints/model_optuna_trial_1_epoch=epoch=10.ckpt,10,0.652,0.5976917743682861,14,64,33.2859,13.8299,0.0018,2.4025,1.1454,13.0047,0.7615,-2172.4382,0.0001,0.0007,0.0,0.0003,0.0007,0.0025,0.0129,0.7926
64,0.0009661704940787522,5,10,50,8,8,checkpoints/model_optuna_trial_1_epoch=epoch=11.ckpt,11,0.664,0.6012073755264282,14,64,33.3398,13.4591,0.0017,2.4469,1.1473,13.0663,0.7589,-2210.2494,0.0001,0.0003,0.0,0.0003,0.0008,0.0019,0.0131,0.7838
64,0.0009661704940787522,5,10,50,8,8,checkpoints/model_optuna_trial_1_epoch=epoch=12.ckpt,12,0.664,0.5902699828147888,14,64,33.4281,12.511,0.0017,2.4304,1.1467,13.3915,0.7597,-2212.2619,0.0001,0.0007,0.0,0.0003,0.0008,0.0025,0.0129,0.7737
64,0.0009661704940787522,5,10,50,8,8,checkpoints/model_optuna_trial_1_epoch=epoch=13.ckpt,13,0.664,0.6020596027374268,14,64,33.3516,11.8673,0.0016,2.4354,1.1472,13.0125,0.7592,-2231.6637,0.0001,0.0008,0.0,0.0003,0.0007,0.0025,0.0134,0.7745
64,0.0009661704940787522,5,10,50,8,8,checkpoints/model_optuna_trial_1_epoch=epoch=14.ckpt,14,0.664,0.610546886920929,14,64,33.3554,11.0096,0.0017,2.4227,1.147,12.9213,0.7591,-2236.2118,0.0001,0.0003,0.0,0.0003,0.0002,0.0026,0.0129,0.7533
64,0.0009661704940787522,5,10,50,8,8,checkpoints/model_optuna_trial_1_epoch=epoch=15.ckpt,15,0.644,0.5953125357627869,14,64,33.2384,12.9569,0.0018,2.3937,1.1441,13.254,0.763,-2241.2445,0.0001,0.0007,0.0,0.0003,0.0008,0.0019,0.0134,0.7477
64,0.0009661704940787522,5,10,50,8,8,checkpoints/model_optuna_trial_1_epoch=epoch=16.ckpt,16,0.668,0.6139204502105713,14,64,33.4842,10.8666,0.002,2.3839,1.1467,13.052,0.7596,-2265.3526,0.0001,0.0003,0.0,0.0003,0.0001,0.0014,0.0128,0.7567
64,0.0009661704940787522,5,10,50,8,8,checkpoints/model_optuna_trial_1_epoch=epoch=17.ckpt,17,0.656,0.6006036400794983,14,64,33.4176,7.8254,0.0022,2.4073,1.1476,12.8829,0.7581,-2266.3425,0.0001,0.0007,0.0,0.0003,0.0008,0.0024,0.013,0.7415
64,0.0009661704940787522,5,10,50,8,8,checkpoints/model_optuna_trial_1_epoch=epoch=18.ckpt,18,0.668,0.6131391525268555,14,64,33.1165,8.9403,0.0018,2.4291,1.1418,13.3074,0.766,-2266.267,0.0001,0.0007,0.0,0.0003,0.0007,0.0023,0.0152,0.7735
64,0.000631253113629814,5,20,80,8,8,checkpoints/model_optuna_trial_2_epoch=epoch=00.ckpt,0,0.536,0.4598366618156433,24,64,29.067,7.3758,0.0063,2.7219,1.1423,7.9517,0.7677,-1387.0435,0.0001,0.0003,0.0,0.0003,0.0009,0.0027,0.0113,0.7676
64,0.000631253113629814,5,20,80,8,8,checkpoints/model_optuna_trial_2_epoch=epoch=01.ckpt,1,0.576,0.5930042266845703,24,64,31.145,9.7288,0.0056,2.8406,1.1883,8.908,0.7136,-1587.4926,0.0001,0.0007,0.0,0.0003,0.0001,0.0029,0.0148,0.7313
64,0.000631253113629814,5,20,80,8,8,checkpoints/model_optuna_trial_2_epoch=epoch=02.ckpt,2,0.616,0.6480823159217834,24,64,31.2585,8.5253,0.0051,2.9592,1.1914,9.7489,0.7089,-1719.4834,0.0001,0.0008,0.0,0.0003,0.0011,0.0016,0.0146,0.7008
64,0.000631253113629814,5,20,80,8,8,checkpoints/model_optuna_trial_2_epoch=epoch=03.ckpt,3,0.612,0.6654118895530701,24,64,31.7801,11.3336,0.0043,2.9886,1.1941,10.1134,0.7048,-1814.413,0.0001,0.0005,0.0,0.0003,0.0006,0.0013,0.0145,0.7483
64,0.000631253113629814,5,20,80,8,8,checkpoints/model_optuna_trial_2_epoch=epoch=04.ckpt,4,0.576,0.6809659004211426,24,64,32.7513,10.794,0.0037,2.968,1.2023,10.4562,0.6951,-1909.784,0.0001,0.0003,0.0,0.0003,0.0009,0.0024,0.016,0.7598
64,0.000631253113629814,5,20,80,8,8,checkpoints/model_optuna_trial_2_epoch=epoch=05.ckpt,5,0.596,0.6967685222625732,24,64,32.8917,10.0009,0.0029,2.9661,1.1961,10.5151,0.7009,-1977.3818,0.0001,0.0008,0.0,0.0003,0.0001,0.0029,0.014,0.7691
64,0.000631253113629814,5,20,80,8,8,checkpoints/model_optuna_trial_2_epoch=epoch=06.ckpt,6,0.62,0.6998934745788574,24,64,33.0564,10.5931,0.0026,2.9452,1.1932,10.5073,0.7038,-2015.2296,0.0001,0.0006,0.0,0.0003,0.0009,0.0024,0.0139,0.8017
64,0.000631253113629814,5,20,80,8,8,checkpoints/model_optuna_trial_2_epoch=epoch=07.ckpt,7,0.632,0.705078125,24,64,33.392,10.8963,0.0024,2.9224,1.1953,10.6166,0.7008,-2074.9062,0.0001,0.0008,0.0,0.0003,0.0001,0.0022,0.015,0.7943
64,0.000631253113629814,5,20,80,8,8,checkpoints/model_optuna_trial_2_epoch=epoch=08.ckpt,8,0.648,0.7156250476837158,24,64,33.5812,10.3193,0.0023,2.9222,1.1967,10.8058,0.6987,-2109.0612,0.0001,0.0008,0.0,0.0003,0.0008,0.0017,0.0141,0.8112
64,0.000631253113629814,5,20,80,8,8,checkpoints/model_optuna_trial_2_epoch=epoch=09.ckpt,9,0.632,0.7274501919746399,24,64,33.6475,10.705,0.0022,2.9363,1.196,10.9434,0.6993,-2156.4616,0.0001,0.0007,0.0,0.0003,0.0007,0.0015,0.0141,0.7872
64,0.000631253113629814,5,20,80,8,8,checkpoints/model_optuna_trial_2_epoch=epoch=10.ckpt,10,0.652,0.7123579978942871,24,64,33.4963,9.5721,0.002,2.9525,1.1923,11.1237,0.7035,-2160.3557,0.0001,0.0003,0.0,0.0003,0.0003,0.0019,0.0139,0.8323
64,0.000631253113629814,5,20,80,8,8,checkpoints/model_optuna_trial_2_epoch=epoch=11.ckpt,11,0.636,0.7261008620262146,24,64,33.7312,11.6268,0.0021,2.9348,1.1949,11.3056,0.7003,-2184.1723,0.0001,0.0003,0.0,0.0003,0.0008,0.0024,0.0138,0.8277
64,0.000631253113629814,5,20,80,8,8,checkpoints/model_optuna_trial_2_epoch=epoch=12.ckpt,12,0.648,0.7349786758422852,24,64,33.621,9.9102,0.002,2.9442,1.1924,11.1329,0.7031,-2186.6981,0.0001,0.0003,0.0,0.0003,0.0008,0.0023,0.0116,0.7965
64,0.000631253113629814,5,20,80,8,8,checkpoints/model_optuna_trial_2_epoch=epoch=13.ckpt,13,0.676,0.735404908657074,24,64,33.6317,9.307,0.002,2.9492,1.1914,11.5567,0.7043,-2201.0668,0.0001,0.0003,0.0,0.0003,0.0003,0.0028,0.0135,0.7986
64,0.000631253113629814,5,20,80,8,8,checkpoints/model_optuna_trial_2_epoch=epoch=14.ckpt,14,0.664,0.7348365783691406,24,64,33.5861,9.4969,0.0019,2.9452,1.1899,11.4395,0.706,-2199.9851,0.0001,0.0003,0.0,0.0003,0.0008,0.0023,0.0133,0.8428
64,0.000631253113629814,5,20,80,8,8,checkpoints/model_optuna_trial_2_epoch=epoch=15.ckpt,15,0.644,0.7307173013687134,24,64,33.7129,8.6831,0.0019,2.9513,1.1912,11.3722,0.7042,-2222.9473,0.0001,0.0007,0.0,0.0003,0.0001,0.0029,0.0131,0.8199
64,0.000631253113629814,5,20,80,8,8,checkpoints/model_optuna_trial_2_epoch=epoch=16.ckpt,16,0.644,0.7385299205780029,24,64,33.7877,8.406,0.0019,2.9308,1.192,11.1541,0.7032,-2225.2103,0.0001,0.0016,0.0,0.0003,0.0009,0.0024,0.0134,0.828
64,0.000631253113629814,5,20,80,8,8,checkpoints/model_optuna_trial_2_epoch=epoch=17.ckpt,17,0.652,0.7379971146583557,24,64,33.5881,8.3364,0.0017,2.9628,1.1869,11.8186,0.709,-2232.6893,0.0001,0.0003,0.0,0.0003,0.0009,0.0024,0.0139,0.8139
64,0.000631253113629814,5,20,80,8,8,checkpoints/model_optuna_trial_2_epoch=epoch=18.ckpt,18,0.636,0.7509943246841431,24,64,33.9471,8.0273,0.0017,2.9538,1.1934,11.3068,0.7015,-2263.1495,0.0001,0.0007,0.0,0.0003,0.0009,0.0015,0.0135,0.8045
64,0.000631253113629814,5,20,80,8,8,checkpoints/model_optuna_trial_2_epoch=epoch=19.ckpt,19,0.636,0.7419033646583557,24,64,33.691,7.8579,0.0016,2.9422,1.1877,11.3424,0.7078,-2252.4485,0.0001,0.0007,0.0,0.0003,0.0009,0.0024,0.0137,0.8059
64,0.000631253113629814,5,20,80,8,8,checkpoints/model_optuna_trial_2_epoch=epoch=20.ckpt,20,0.644,0.7503551244735718,24,64,33.7984,7.9061,0.0016,2.9442,1.1884,11.3655,0.7072,-2262.7716,0.0001,0.0009,0.0,0.0003,0.0008,0.0019,0.0136,0.879
64,0.000631253113629814,5,20,80,8,8,checkpoints/model_optuna_trial_2_epoch=epoch=21.ckpt,21,0.656,0.753693163394928,24,64,33.8473,7.8621,0.0016,2.9371,1.1883,11.4382,0.7074,-2271.1609,0.0001,0.0003,0.0,0.0003,0.0001,0.0028,0.0133,0.8588
64,0.000631253113629814,5,20,80,8,8,checkpoints/model_optuna_trial_2_epoch=epoch=22.ckpt,22,0.68,0.7404474020004272,24,64,33.8229,7.716,0.0016,2.9302,1.1887,11.1689,0.7069,-2267.9766,0.0001,0.0003,0.0,0.0003,0.0008,0.0014,0.0132,0.8665
64,0.000631253113629814,5,20,80,8,8,checkpoints/model_optuna_trial_2_epoch=epoch=23.ckpt,23,0.636,0.7562854886054993,24,64,33.8652,7.7345,0.0014,2.9479,1.1897,11.235,0.7055,-2279.0213,0.0001,0.0006,0.0,0.0003,0.0008,0.0016,0.0128,0.8184
64,0.000631253113629814,5,20,80,8,8,checkpoints/model_optuna_trial_2_epoch=epoch=24.ckpt,24,0.664,0.7338777780532837,24,64,33.9918,7.6086,0.0014,2.9575,1.1917,11.4485,0.7033,-2296.6121,0.0001,0.0007,0.0,0.0003,0.001,0.0016,0.0129,0.8192
64,0.000631253113629814,5,20,80,8,8,checkpoints/model_optuna_trial_2_epoch=epoch=25.ckpt,25,0.644,0.7472301125526428,24,64,33.6874,7.5896,0.0014,2.9527,1.1859,11.13,0.7102,-2271.8827,0.0001,0.0003,0.0,0.0003,0.0007,0.0023,0.0144,0.8906
64,0.000631253113629814,5,20,80,8,8,checkpoints/model_optuna_trial_2_epoch=epoch=26.ckpt,26,0.644,0.7495739459991455,24,64,33.8142,7.4281,0.0014,2.9402,1.1881,11.2561,0.7074,-2288.7346,0.0001,0.0007,0.0,0.0003,0.0008,0.0017,0.0116,0.8688
64,0.000631253113629814,5,20,80,8,8,checkpoints/model_optuna_trial_2_epoch=epoch=27.ckpt,27,0.644,0.7500354647636414,24,64,33.8525,7.4935,0.0014,2.9462,1.1887,11.2581,0.7068,-2291.889,0.0001,0.0007,0.0,0.0003,0.0007,0.0014,0.0138,0.8303
64,0.000631253113629814,5,20,80,8,8,checkpoints/model_optuna_trial_2_epoch=epoch=28.ckpt,28,0.676,0.742968738079071,24,64,33.9107,7.9184,0.0014,2.9413,1.1892,11.2877,0.7063,-2297.8011,0.0001,0.0008,0.0,0.0003,0.0001,0.0022,0.0129,0.8151
64,0.009417467634479823,2,10,100,32,8,checkpoints/model_optuna_trial_3_epoch=epoch=00.ckpt,0,0.64,0.1990411877632141,11,128,63.6578,11.5881,0.0002,4.0873,1.2224,12.7931,0.6692,-3986.3516,0.0001,0.0005,0.0,0.0003,0.0008,0.0031,0.0126,0.8568
64,0.009417467634479823,2,10,100,32,8,checkpoints/model_optuna_trial_3_epoch=epoch=01.ckpt,1,0.628,0.2049005627632141,11,128,63.849,11.2399,0.0003,3.9732,1.2135,11.258,0.6762,-4194.9404,0.0001,0.0004,0.0,0.0003,0.0008,0.0052,0.0122,0.9266
64,0.009417467634479823,2,10,100,32,8,checkpoints/model_optuna_trial_3_epoch=epoch=02.ckpt,2,0.64,0.20569957792758942,11,128,63.8194,8.3845,0.0005,3.8639,1.1971,9.6685,0.6922,-4157.849,0.0001,0.0004,0.0,0.0003,0.0007,0.0039,0.0134,0.8883
64,0.009417467634479823,2,10,100,32,8,checkpoints/model_optuna_trial_3_epoch=epoch=03.ckpt,3,0.628,0.20942826569080353,11,128,63.478,11.1889,0.0007,3.5576,1.1776,9.4322,0.7151,-3900.7079,0.0001,0.0008,0.0,0.0003,0.0009,0.0031,0.0111,1.0008
64,0.009417467634479823,2,10,100,32,8,checkpoints/model_optuna_trial_3_epoch=epoch=04.ckpt,4,0.66,0.21058239042758942,11,128,63.3943,7.7416,0.0009,3.3962,1.167,9.8804,0.7282,-3792.9714,0.0001,0.0008,0.0,0.0003,0.0009,0.0032,0.0109,1.0508
64,0.009417467634479823,2,10,100,32,8,checkpoints/model_optuna_trial_3_epoch=epoch=05.ckpt,5,0.624,0.21244673430919647,11,128,64.1528,9.297,0.0012,3.0855,1.1638,9.3495,0.7322,-3727.6126,0.0001,0.0007,0.0,0.0003,0.0009,0.0031,0.0109,1.0738
64,0.009417467634479823,2,10,100,32,8,checkpoints/model_optuna_trial_3_epoch=epoch=06.ckpt,6,0.64,0.2111150622367859,11,128,64.3307,8.9176,0.0011,3.0799,1.1647,9.1416,0.729,-3811.5153,0.0001,0.0004,0.0,0.0003,0.0009,0.003,0.0112,1.0267
64,0.009417467634479823,2,10,100,32,8,checkpoints/model_optuna_trial_3_epoch=epoch=07.ckpt,7,0.708,0.20809659361839294,11,128,65.5005,10.6285,0.0012,2.8404,1.1607,8.5796,0.7324,-3836.2061,0.0001,0.0004,0.0,0.0003,0.0009,0.0032,0.0114,1.0632
64,0.009417467634479823,2,10,100,32,8,checkpoints/model_optuna_trial_3_epoch=epoch=08.ckpt,8,0.644,0.2099609375,11,128,65.4829,10.6737,0.0017,2.8022,1.1637,8.7423,0.7283,-3764.8994,0.0001,0.0008,0.0,0.0003,0.0008,0.0032,0.0118,1.0739
64,0.009417467634479823,2,10,100,32,8,checkpoints/model_optuna_trial_3_epoch=epoch=09.ckpt,9,0.692,0.20933948457241058,11,128,63.6053,11.1214,0.0015,2.8371,1.1538,8.1197,0.7421,-3619.5963,0.0001,0.0004,0.0,0.0003,0.0009,0.004,0.012,1.1031
64,0.009417467634479823,2,10,100,32,8,checkpoints/model_optuna_trial_3_epoch=epoch=10.ckpt,10,0.692,0.21244673430919647,11,128,62.8668,10.9351,0.0015,2.9214,1.1502,8.2914,0.7468,-3546.1202,0.0001,0.0004,0.0,0.0003,0.0007,0.003,0.0126,1.2832
64,0.009417467634479823,2,10,100,32,8,checkpoints/model_optuna_trial_3_epoch=epoch=11.ckpt,11,0.668,0.20854048430919647,11,128,63.8718,11.2694,0.0012,2.8937,1.1598,8.4636,0.7348,-3486.3967,0.0001,0.0008,0.0,0.0002,0.0008,0.005,0.0127,1.0385
64,0.009417467634479823,2,10,100,32,8,checkpoints/model_optuna_trial_3_epoch=epoch=12.ckpt,12,0.66,0.21644176542758942,11,128,62.5205,9.3548,0.0011,2.9931,1.149,8.5413,0.7482,-3431.3267,0.0001,0.0008,0.0,0.0003,0.0008,0.0047,0.0123,1.0414
64,0.009417467634479823,2,10,100,32,8,checkpoints/model_optuna_trial_3_epoch=epoch=13.ckpt,13,0.656,0.21147017180919647,11,128,62.6115,10.7604,0.001,3.0157,1.1479,8.3837,0.7496,-3432.1606,0.0001,0.0004,0.0,0.0003,0.001,0.0046,0.0125,1.1214
64,0.009417467634479823,2,10,100,32,8,checkpoints/model_optuna_trial_3_epoch=epoch=14.ckpt,14,0.664,0.20729757845401764,11,128,62.1926,9.2248,0.0009,3.0993,1.151,8.2047,0.7461,-3414.3947,0.0001,0.0004,0.0,0.0003,0.0009,0.0031,0.0113,1.0283
64,0.009417467634479823,2,10,100,32,8,checkpoints/model_optuna_trial_3_epoch=epoch=15.ckpt,15,0.668,0.21129260957241058,11,128,61.7273,9.2346,0.0008,3.1868,1.1425,8.1027,0.7573,-3386.1046,0.0001,0.0004,0.0,0.0003,0.0009,0.0057,0.0131,1.1736
64,0.0013283416808506955,2,20,80,32,4,checkpoints/model_optuna_trial_4_epoch=epoch=00.ckpt,0,0.572,0.16566051542758942,9,64,34.242,8.984,0.0103,2.8205,1.3529,7.4349,0.5589,-1703.0544,0.0002,0.0008,0.0,0.0003,0.0009,0.0019,0.0114,0.846
64,0.0013283416808506955,2,20,80,32,4,checkpoints/model_optuna_trial_4_epoch=epoch=01.ckpt,1,0.596,0.18883167207241058,9,64,33.6917,12.4704,0.0066,2.978,1.3026,8.43,0.5958,-1951.862,0.0001,0.0007,0.0,0.0003,0.0001,0.0023,0.0123,0.8281
64,0.0013283416808506955,2,20,80,32,4,checkpoints/model_optuna_trial_4_epoch=epoch=02.ckpt,2,0.576,0.19868607819080353,9,64,34.8598,8.0641,0.0051,3.0953,1.3207,9.5531,0.5776,-2153.9044,0.0001,0.0007,0.0,0.0003,0.0009,0.0018,0.0127,0.9193
64,0.0013283416808506955,2,20,80,32,4,checkpoints/model_optuna_trial_4_epoch=epoch=03.ckpt,3,0.62,0.19930753111839294,9,64,34.6654,9.7315,0.0036,3.2164,1.2901,9.6563,0.6032,-2234.2655,0.0001,0.0008,0.0,0.0003,0.0003,0.0023,0.0132,0.8566
64,0.0013283416808506955,2,20,80,32,4,checkpoints/model_optuna_trial_4_epoch=epoch=04.ckpt,4,0.604,0.20596590638160706,9,64,35.3046,9.4323,0.0026,3.2731,1.3007,9.579,0.593,-2324.7932,0.0001,0.0002,0.0,0.0003,0.001,0.0023,0.014,0.8987
64,0.0013283416808506955,2,20,80,32,4,checkpoints/model_optuna_trial_4_epoch=epoch=05.ckpt,5,0.644,0.20729757845401764,9,64,35.3182,9.0346,0.0024,3.2337,1.2808,10.7782,0.6104,-2357.0259,0.0001,0.0007,0.0,0.0003,0.0007,0.0018,0.0135,0.8752
64,0.0013283416808506955,2,20,80,32,4,checkpoints/model_optuna_trial_4_epoch=epoch=06.ckpt,6,0.66,0.20374645292758942,9,64,35.2724,9.4652,0.0019,3.219,1.2686,10.9407,0.6222,-2366.7679,0.0001,0.0008,0.0,0.0003,0.0003,0.0022,0.0121,0.9377
64,0.0013283416808506955,2,20,80,32,4,checkpoints/model_optuna_trial_4_epoch=epoch=07.ckpt,7,0.6,0.21031604707241058,9,64,35.3377,9.6148,0.0017,3.2265,1.2644,11.4821,0.6256,-2386.0115,0.0001,0.0008,0.0,0.0003,0.0008,0.0024,0.0144,0.9429
64,0.0013283416808506955,2,20,80,32,4,checkpoints/model_optuna_trial_4_epoch=epoch=08.ckpt,8,0.648,0.2088068127632141,9,64,35.4973,8.4551,0.0015,3.2418,1.2606,11.6606,0.6286,-2437.5088,0.0001,0.0003,0.0,0.0003,0.0002,0.0018,0.0133,0.9564
64,0.0013283416808506955,2,20,80,32,4,checkpoints/model_optuna_trial_4_epoch=epoch=09.ckpt,9,0.636,0.2097833752632141,9,64,35.9128,9.163,0.0015,3.1955,1.2695,11.3572,0.6196,-2497.4405,0.0001,0.0007,0.0,0.0003,0.0008,0.0025,0.0128,0.9309
64,0.0013283416808506955,2,20,80,32,4,checkpoints/model_optuna_trial_4_epoch=epoch=10.ckpt,10,0.636,0.20862926542758942,9,64,35.9593,7.7197,0.0017,3.1432,1.265,11.892,0.6242,-2486.0354,0.0001,0.0007,0.0,0.0003,0.0008,0.0024,0.0139,0.9541
64,0.0013283416808506955,2,20,80,32,4,checkpoints/model_optuna_trial_4_epoch=epoch=11.ckpt,11,0.62,0.20747514069080353,9,64,35.5848,8.3683,0.0015,3.1972,1.2543,11.3394,0.6344,-2493.6689,0.0001,0.0003,0.0,0.0003,0.0009,0.0016,0.0128,1.0035
64,0.0013283416808506955,2,20,80,32,4,checkpoints/model_optuna_trial_4_epoch=epoch=12.ckpt,12,0.636,0.21067117154598236,9,64,36.0442,7.6347,0.0016,3.1485,1.264,11.3814,0.6254,-2507.0553,0.0001,0.0003,0.0,0.0003,0.0003,0.0029,0.0127,0.9222
64,0.0013283416808506955,2,20,80,32,4,checkpoints/model_optuna_trial_4_epoch=epoch=13.ckpt,13,0.644,0.21235795319080353,9,64,35.7293,7.8104,0.0015,3.1286,1.2533,11.011,0.6357,-2510.4762,0.0001,0.0003,0.0,0.0004,0.0002,0.003,0.0126,1.0081
32,0.0018146869488910597,2,10,100,32,4,checkpoints/model_optuna_trial_5_epoch=epoch=00.ckpt,0,0.64,0.20385174453258514,15,128,47.8963,10.1461,0.0022,3.6091,1.3084,7.7054,0.5935,-2657.8146,0.0001,0.0004,0.0,0.0003,0.0009,0.0053,0.0101,0.9539
32,0.0018146869488910597,2,10,100,32,4,checkpoints/model_optuna_trial_5_epoch=epoch=01.ckpt,1,0.66,0.21438953280448914,15,128,51.9555,9.6103,0.0008,3.933,1.2707,9.1742,0.6236,-3164.837,0.0001,0.0004,0.0,0.0003,0.0009,0.0054,0.0119,0.9894
32,0.0018146869488910597,2,10,100,32,4,checkpoints/model_optuna_trial_5_epoch=epoch=02.ckpt,2,0.644,0.21711482107639313,15,128,53.7659,8.553,0.0006,4.0751,1.2331,9.8583,0.6592,-3325.1222,0.0001,0.0007,0.0,0.0003,0.0008,0.0045,0.0116,0.9853
32,0.0018146869488910597,2,10,100,32,4,checkpoints/model_optuna_trial_5_epoch=epoch=03.ckpt,3,0.692,0.22202034294605255,15,128,55.3319,9.3905,0.0006,4.1039,1.2298,9.8591,0.6626,-3422.5679,0.0001,0.0008,0.0,0.0003,0.0003,0.0051,0.0135,1.0085
32,0.0018146869488910597,2,10,100,32,4,checkpoints/model_optuna_trial_5_epoch=epoch=04.ckpt,4,0.712,0.2201126515865326,15,128,57.4227,8.3101,0.0007,4.1225,1.2391,11.147,0.6528,-3633.5031,0.0001,0.0004,0.0,0.0003,0.0008,0.0053,0.0116,0.998
32,0.0018146869488910597,2,10,100,32,4,checkpoints/model_optuna_trial_5_epoch=epoch=05.ckpt,5,0.688,0.22265625,15,128,57.8802,8.9528,0.0007,4.093,1.23,10.4575,0.6617,-3636.6276,0.0002,0.0008,0.0,0.0003,0.0008,0.0034,0.0112,0.9966
32,0.0018146869488910597,2,10,100,32,4,checkpoints/model_optuna_trial_5_epoch=epoch=06.ckpt,6,0.656,0.22356468439102173,15,128,57.6427,9.3203,0.0006,4.1558,1.2168,10.5826,0.6759,-3653.2626,0.0001,0.0008,0.0,0.0003,0.0003,0.0035,0.0125,0.978
32,0.0018146869488910597,2,10,100,32,4,checkpoints/model_optuna_trial_5_epoch=epoch=07.ckpt,7,0.676,0.22292877733707428,15,128,57.8797,8.2468,0.0006,4.1509,1.2151,10.5646,0.6779,-3663.2987,0.0001,0.0009,0.0,0.0003,0.0011,0.0051,0.0135,0.9652
32,0.0018146869488910597,2,10,100,32,4,checkpoints/model_optuna_trial_5_epoch=epoch=08.ckpt,8,0.72,0.21911336481571198,15,128,58.3849,8.4172,0.0006,4.1405,1.2122,11.1157,0.6808,-3707.8486,0.0001,0.0017,0.0,0.0006,0.0002,0.0041,0.0121,0.9611
32,0.0018146869488910597,2,10,100,32,4,checkpoints/model_optuna_trial_5_epoch=epoch=09.ckpt,9,0.696,0.22456395626068115,15,128,57.6143,10.5199,0.0006,4.2866,1.2094,11.4584,0.6833,-3754.4653,0.0001,0.0008,0.0,0.0003,0.0008,0.0032,0.0128,0.9401
32,0.0018146869488910597,2,10,100,32,4,checkpoints/model_optuna_trial_5_epoch=epoch=10.ckpt,10,0.688,0.22592659294605255,15,128,57.5633,9.4074,0.0007,4.1863,1.2047,11.3215,0.689,-3658.6725,0.0001,0.0007,0.0,0.0003,0.0008,0.0043,0.012,0.9456
32,0.0018146869488910597,2,10,100,32,4,checkpoints/model_optuna_trial_5_epoch=epoch=11.ckpt,11,0.696,0.22810682654380798,15,128,57.4623,11.5708,0.0006,4.1703,1.1994,10.9407,0.6954,-3652.1834,0.0001,0.0025,0.0,0.0003,0.001,0.0037,0.0122,1.0035
32,0.0018146869488910597,2,10,100,32,4,checkpoints/model_optuna_trial_5_epoch=epoch=12.ckpt,12,0.712,0.22765260934829712,15,128,57.316,9.5397,0.0005,4.2287,1.1996,11.3934,0.6952,-3672.6341,0.0001,0.0007,0.0,0.0004,0.0012,0.004,0.0138,0.946
32,0.0018146869488910597,2,10,100,32,4,checkpoints/model_optuna_trial_5_epoch=epoch=13.ckpt,13,0.712,0.2278342992067337,15,128,56.8373,7.5666,0.0005,4.29,1.1985,11.6698,0.6959,-3664.4331,0.0001,0.0004,0.0,0.0003,0.0002,0.0042,0.0124,0.9891
32,0.0018146869488910597,2,10,100,32,4,checkpoints/model_optuna_trial_5_epoch=epoch=14.ckpt,14,0.716,0.22856104373931885,15,128,56.5722,7.8734,0.0005,4.319,1.1957,10.9636,0.6991,-3672.191,0.0001,0.0008,0.0,0.0003,0.0008,0.0029,0.0109,0.9693
32,0.0018146869488910597,2,10,100,32,4,checkpoints/model_optuna_trial_5_epoch=epoch=15.ckpt,15,0.7,0.2265625,15,128,55.7216,11.0574,0.0005,4.3687,1.1856,11.4905,0.7108,-3626.519,0.0001,0.0007,0.0,0.0003,0.0009,0.003,0.0123,0.9868
32,0.0018146869488910597,2,10,100,32,4,checkpoints/model_optuna_trial_5_epoch=epoch=16.ckpt,16,0.704,0.225381538271904,15,128,56.2654,9.0541,0.0005,4.4075,1.1982,11.4768,0.6965,-3679.8825,0.0001,0.0004,0.0,0.0003,0.0008,0.0029,0.0123,1.0171
32,0.0018146869488910597,2,10,100,32,4,checkpoints/model_optuna_trial_5_epoch=epoch=17.ckpt,17,0.696,0.23065043985843658,15,128,56.2663,9.6495,0.0005,4.3895,1.193,11.5026,0.7023,-3652.4242,0.0001,0.0004,0.0,0.0003,0.0008,0.003,0.0129,0.9659
32,0.0018146869488910597,2,10,100,32,4,checkpoints/model_optuna_trial_5_epoch=epoch=18.ckpt,18,0.688,0.22837935388088226,15,128,55.8768,11.2078,0.0005,4.4011,1.191,11.3825,0.7046,-3636.8738,0.0001,0.0008,0.0,0.0003,0.0008,0.0029,0.0121,0.9352
32,0.0018146869488910597,2,10,100,32,4,checkpoints/model_optuna_trial_5_epoch=epoch=19.ckpt,19,0.656,0.227743461728096,15,128,56.0215,11.4342,0.0005,4.3643,1.1903,11.977,0.7053,-3653.0096,0.0001,0.0004,0.0,0.0003,0.0008,0.0032,0.0123,0.9138
64,0.009313622131666525,2,20,80,16,4,checkpoints/model_optuna_trial_6_epoch=epoch=00.ckpt,0,0.608,0.19575639069080353,23,64,33.8673,15.3105,0.0002,4.4974,1.2699,8.3778,0.6191,-2787.0468,0.0001,0.0003,0.0,0.0003,0.0008,0.0022,0.0115,0.7869
64,0.009313622131666525,2,20,80,16,4,checkpoints/model_optuna_trial_6_epoch=epoch=01.ckpt,1,0.612,0.19362570345401764,23,64,33.0252,21.4604,0.0001,4.533,1.2267,8.2742,0.6596,-2818.6713,0.0001,0.0003,0.0,0.0003,0.0009,0.0015,0.013,0.8497
64,0.009313622131666525,2,20,80,16,4,checkpoints/model_optuna_trial_6_epoch=epoch=02.ckpt,2,0.668,0.20285867154598236,23,64,32.9489,18.9939,0.0001,4.7331,1.221,8.3867,0.664,-2908.1046,0.0001,0.0003,0.0,0.0003,0.0002,0.0022,0.0126,0.9845
64,0.009313622131666525,2,20,80,16,4,checkpoints/model_optuna_trial_6_epoch=epoch=03.ckpt,3,0.624,0.2088068127632141,23,64,31.922,22.1481,0.0001,4.5342,1.1821,7.9505,0.7064,-2718.8592,0.0004,0.0003,0.0,0.0003,0.0012,0.0023,0.0125,0.9033
64,0.009313622131666525,2,20,80,16,4,checkpoints/model_optuna_trial_6_epoch=epoch=04.ckpt,4,0.6,0.20774148404598236,23,64,33.1951,21.3933,0.0001,4.2927,1.198,8.5254,0.6877,-2845.3559,0.0001,0.0008,0.0,0.0003,0.0002,0.0022,0.013,0.9251
64,0.009313622131666525,2,20,80,16,4,checkpoints/model_optuna_trial_6_epoch=epoch=05.ckpt,5,0.624,0.20951704680919647,23,64,33.2488,7.9,0.0002,3.7165,1.1958,8.711,0.6901,-2801.5689,0.0001,0.0007,0.0,0.0003,0.0002,0.0029,0.0138,0.9378
64,0.009313622131666525,2,20,80,16,4,checkpoints/model_optuna_trial_6_epoch=epoch=06.ckpt,6,0.632,0.21084871888160706,23,64,33.4687,12.8548,0.0005,3.5597,1.2007,8.9108,0.6836,-2835.8302,0.0001,0.0007,0.0,0.0003,0.0005,0.0017,0.0127,1.047
64,0.009313622131666525,2,20,80,16,4,checkpoints/model_optuna_trial_6_epoch=epoch=07.ckpt,7,0.64,0.20836292207241058,23,64,33.2328,6.4966,0.001,3.2434,1.1804,8.0745,0.7061,-2779.915,0.0001,0.0008,0.0,0.0003,0.0007,0.0024,0.0126,0.9246
64,0.009313622131666525,2,20,80,16,4,checkpoints/model_optuna_trial_6_epoch=epoch=08.ckpt,8,0.656,0.208984375,23,64,33.4405,5.1209,0.0012,3.0367,1.1837,7.5987,0.7011,-2742.3472,0.0001,0.0003,0.0,0.0003,0.0001,0.0023,0.0123,0.8991
64,0.009313622131666525,2,20,80,16,4,checkpoints/model_optuna_trial_6_epoch=epoch=09.ckpt,9,0.668,0.20321378111839294,23,64,33.6354,22.7753,0.0013,2.8397,1.177,7.568,0.7087,-2728.3612,0.0001,0.0007,0.0,0.0003,0.0008,0.0024,0.0143,0.9391
64,0.009313622131666525,2,20,80,16,4,checkpoints/model_optuna_trial_6_epoch=epoch=10.ckpt,10,0.7,0.20942826569080353,23,64,33.0678,6.0444,0.0018,2.8487,1.1671,7.6685,0.7226,-2619.3512,0.0001,0.0007,0.0,0.0003,0.0007,0.0021,0.0145,1.0002
64,0.009313622131666525,2,20,80,16,4,checkpoints/model_optuna_trial_6_epoch=epoch=11.ckpt,11,0.676,0.21164773404598236,23,64,32.7353,4.1188,0.0018,2.9894,1.1658,8.26,0.7257,-2599.5049,0.0001,0.0003,0.0,0.0003,0.0003,0.0031,0.0131,1.0518
64,0.009313622131666525,2,20,80,16,4,checkpoints/model_optuna_trial_6_epoch=epoch=12.ckpt,12,0.692,0.20987215638160706,23,64,32.7993,7.0494,0.0018,2.9482,1.1596,8.6854,0.7337,-2568.3426,0.0001,0.0008,0.0,0.0003,0.0001,0.0034,0.0159,1.0726
64,0.009313622131666525,2,20,80,16,4,checkpoints/model_optuna_trial_6_epoch=epoch=13.ckpt,13,0.724,0.20694246888160706,23,64,32.4557,13.4104,0.0021,2.8705,1.1547,7.9251,0.7386,-2552.2608,0.0001,0.0005,0.0,0.0003,0.0004,0.0019,0.0131,0.9641
64,0.009313622131666525,2,20,80,16,4,checkpoints/model_optuna_trial_6_epoch=epoch=14.ckpt,14,0.672,0.2107599377632141,23,64,32.4477,7.2985,0.0021,2.9044,1.1533,8.3627,0.7415,-2525.1136,0.0001,0.0003,0.0,0.0003,0.001,0.002,0.0129,0.9749
64,0.009313622131666525,2,20,80,16,4,checkpoints/model_optuna_trial_6_epoch=epoch=15.ckpt,15,0.7,0.2080078125,23,64,32.3721,9.9628,0.0017,2.9584,1.154,8.042,0.7412,-2501.6882,0.0001,0.0003,0.0,0.0003,0.0002,0.003,0.0136,0.997
64,0.009313622131666525,2,20,80,16,4,checkpoints/model_optuna_trial_6_epoch=epoch=16.ckpt,16,0.656,0.20987215638160706,23,64,32.2073,18.136,0.0018,2.9272,1.152,7.9058,0.7418,-2518.173,0.0001,0.0007,0.0,0.0003,0.0007,0.0015,0.0145,0.9209
64,0.009313622131666525,2,20,80,16,4,checkpoints/model_optuna_trial_6_epoch=epoch=17.ckpt,17,0.684,0.21528764069080353,23,64,32.1421,6.9558,0.0018,2.969,1.1529,7.6983,0.7407,-2519.3028,0.0001,0.0009,0.0,0.0003,0.001,0.0022,0.0127,0.991
64,0.009313622131666525,2,20,80,16,4,checkpoints/model_optuna_trial_6_epoch=epoch=18.ckpt,18,0.668,0.20862926542758942,23,64,32.1925,8.4076,0.0014,3.0187,1.1529,7.6439,0.7407,-2546.789,0.0001,0.0006,0.0,0.0003,0.0008,0.0015,0.0132,0.9786
64,0.009313622131666525,2,20,80,16,4,checkpoints/model_optuna_trial_6_epoch=epoch=19.ckpt,19,0.676,0.20765270292758942,23,64,31.7943,7.4792,0.0013,3.0729,1.147,7.4659,0.748,-2511.3931,0.0001,0.0003,0.0,0.0003,0.0007,0.0023,0.0139,0.9294
64,0.009313622131666525,2,20,80,16,4,checkpoints/model_optuna_trial_6_epoch=epoch=20.ckpt,20,0.672,0.2107599377632141,23,64,31.7256,17.8238,0.0015,3.0224,1.1456,8.1048,0.7517,-2463.6584,0.0001,0.0003,0.0,0.0003,0.0009,0.0018,0.0112,0.9379
64,0.009313622131666525,2,20,80,16,4,checkpoints/model_optuna_trial_6_epoch=epoch=21.ckpt,21,0.652,0.20951704680919647,23,64,31.6591,19.3944,0.0014,3.0538,1.1442,7.9747,0.7539,-2453.3655,0.0001,0.0003,0.0,0.0003,0.0002,0.0015,0.0129,1.0142
64,0.009313622131666525,2,20,80,16,4,checkpoints/model_optuna_trial_6_epoch=epoch=22.ckpt,22,0.676,0.21102628111839294,23,64,31.2635,8.7596,0.0013,3.1543,1.1414,7.8687,0.7569,-2435.9899,0.0001,0.0003,0.0,0.0003,0.0001,0.0051,0.0149,0.9276
64,0.009313622131666525,2,20,80,16,4,checkpoints/model_optuna_trial_6_epoch=epoch=23.ckpt,23,0.652,0.20667614042758942,23,64,31.5635,11.341,0.0013,3.0687,1.1436,7.888,0.7539,-2463.0124,0.0001,0.0003,0.0,0.0003,0.001,0.0016,0.0125,0.955
64,0.009313622131666525,2,20,80,16,4,checkpoints/model_optuna_trial_6_epoch=epoch=24.ckpt,24,0.664,0.20951704680919647,23,64,31.3698,6.9125,0.0014,3.1316,1.1431,7.9171,0.7549,-2447.7641,0.0001,0.0007,0.0,0.0003,0.0007,0.0014,0.0123,0.9845
64,0.009313622131666525,2,20,80,16,4,checkpoints/model_optuna_trial_6_epoch=epoch=25.ckpt,25,0.668,0.21200284361839294,23,64,31.1624,9.2313,0.0011,3.1841,1.1405,8.0253,0.7579,-2446.902,0.0001,0.0006,0.0,0.0003,0.001,0.0027,0.0133,0.9736
64,0.009313622131666525,2,20,80,16,4,checkpoints/model_optuna_trial_6_epoch=epoch=26.ckpt,26,0.66,0.21147017180919647,23,64,31.0774,7.2912,0.0013,3.1989,1.1404,7.7575,0.7582,-2434.9344,0.0001,0.0007,0.0,0.0003,0.0008,0.0015,0.013,0.884
64,0.009313622131666525,2,20,80,16,4,checkpoints/model_optuna_trial_6_epoch=epoch=27.ckpt,27,0.692,0.21129260957241058,23,64,31.221,9.4842,0.0013,3.1891,1.1433,7.9522,0.7547,-2440.8886,0.0001,0.0007,0.0,0.0003,0.0001,0.0015,0.0128,0.9287
64,0.00025197141520990295,5,5,50,32,8,checkpoints/model_optuna_trial_7_epoch=epoch=00.ckpt,0,0.572,0.24058948457241058,28,128,35.226,10.8138,0.002,3.8044,1.0888,6.4822,0.8424,-1285.481,0.0001,0.0004,0.0,0.0004,0.0008,0.0047,0.011,0.9508
64,0.00025197141520990295,5,5,50,32,8,checkpoints/model_optuna_trial_7_epoch=epoch=01.ckpt,1,0.572,0.3411221504211426,28,128,41.6303,10.1105,0.0024,3.6415,1.1224,8.0105,0.7953,-1570.0042,0.0001,0.0004,0.0,0.0003,0.0009,0.0051,0.0126,0.918
64,0.00025197141520990295,5,5,50,32,8,checkpoints/model_optuna_trial_7_epoch=epoch=02.ckpt,2,0.604,0.3880327343940735,28,128,42.8052,9.7634,0.0025,3.5195,1.1186,9.1854,0.8008,-1670.1966,0.0001,0.0003,0.0,0.0003,0.0009,0.0034,0.012,0.8661
64,0.00025197141520990295,5,5,50,32,8,checkpoints/model_optuna_trial_7_epoch=epoch=03.ckpt,3,0.596,0.41942474246025085,28,128,44.655,10.1765,0.0026,3.4301,1.1222,9.7723,0.7969,-1761.4707,0.0001,0.0008,0.0,0.0003,0.0008,0.0032,0.0117,0.8472
64,0.00025197141520990295,5,5,50,32,8,checkpoints/model_optuna_trial_7_epoch=epoch=04.ckpt,4,0.588,0.4365057051181793,28,128,43.8731,10.2597,0.0025,3.3737,1.1123,9.1358,0.8105,-1813.2287,0.0001,0.0004,0.0,0.0003,0.0009,0.003,0.0121,0.8637
64,0.00025197141520990295,5,5,50,32,8,checkpoints/model_optuna_trial_7_epoch=epoch=05.ckpt,5,0.564,0.4524502754211426,28,128,47.0267,10.0257,0.0028,3.3375,1.1318,9.6334,0.7841,-1952.2331,0.0001,0.0008,0.0,0.0003,0.0009,0.003,0.0116,0.8367
64,0.00025197141520990295,5,5,50,32,8,checkpoints/model_optuna_trial_7_epoch=epoch=06.ckpt,6,0.62,0.46061789989471436,28,128,45.2818,10.049,0.0025,3.33,1.115,8.9425,0.8063,-1976.474,0.0001,0.0008,0.0,0.0003,0.0008,0.0037,0.0121,0.8615
64,0.00025197141520990295,5,5,50,32,8,checkpoints/model_optuna_trial_7_epoch=epoch=07.ckpt,7,0.648,0.47780540585517883,28,128,47.451,9.9104,0.0026,3.3171,1.1281,9.5758,0.7885,-2099.4117,0.0001,0.0009,0.0,0.0003,0.001,0.0055,0.0124,0.8714
64,0.00025197141520990295,5,5,50,32,8,checkpoints/model_optuna_trial_7_epoch=epoch=08.ckpt,8,0.68,0.4877130389213562,28,128,48.2665,8.9902,0.0026,3.3063,1.1307,9.9106,0.7845,-2174.5814,0.0001,0.0008,0.0,0.0003,0.0003,0.0035,0.0112,0.8756
64,0.00025197141520990295,5,5,50,32,8,checkpoints/model_optuna_trial_7_epoch=epoch=09.ckpt,9,0.672,0.4952414333820343,28,128,49.1974,9.6145,0.0026,3.3073,1.1331,10.4414,0.7814,-2252.8569,0.0001,0.0007,0.0,0.0003,0.0009,0.003,0.0115,0.8353
64,0.00025197141520990295,5,5,50,32,8,checkpoints/model_optuna_trial_7_epoch=epoch=10.ckpt,10,0.696,0.5003196597099304,28,128,49.4085,9.0887,0.0025,3.3155,1.1329,10.7265,0.7816,-2282.0439,0.0001,0.0008,0.0,0.0003,0.0008,0.0032,0.0124,0.8649
64,0.00025197141520990295,5,5,50,32,8,checkpoints/model_optuna_trial_7_epoch=epoch=11.ckpt,11,0.672,0.5139914155006409,28,128,50.8404,8.8564,0.0027,3.3009,1.1409,11.4864,0.7713,-2356.2988,0.0001,0.0004,0.0,0.0003,0.0009,0.0034,0.0113,0.862
64,0.00025197141520990295,5,5,50,32,8,checkpoints/model_optuna_trial_7_epoch=epoch=12.ckpt,12,0.648,0.5087713599205017,28,128,49.7439,8.803,0.0023,3.3383,1.1323,11.591,0.7821,-2333.411,0.0001,0.0008,0.0,0.0003,0.0008,0.0047,0.0119,0.9111
64,0.00025197141520990295,5,5,50,32,8,checkpoints/model_optuna_trial_7_epoch=epoch=13.ckpt,13,0.652,0.5190696716308594,28,128,50.6608,8.8157,0.0024,3.3331,1.1367,11.672,0.7763,-2390.901,0.0001,0.0008,0.0,0.0003,0.0005,0.0036,0.0117,0.9146
64,0.00025197141520990295,5,5,50,32,8,checkpoints/model_optuna_trial_7_epoch=epoch=14.ckpt,14,0.644,0.5302556753158569,28,128,51.1554,8.5572,0.0023,3.3465,1.1402,11.8448,0.7716,-2422.3844,0.0001,0.0004,0.0,0.0003,0.0002,0.0032,0.0114,0.8552
64,0.00025197141520990295,5,5,50,32,8,checkpoints/model_optuna_trial_7_epoch=epoch=15.ckpt,15,0.652,0.5297585725784302,28,128,51.1123,8.2851,0.0022,3.3611,1.1385,12.0709,0.7738,-2444.1362,0.0001,0.0008,0.0,0.0003,0.0008,0.0032,0.0118,0.8543
64,0.00025197141520990295,5,5,50,32,8,checkpoints/model_optuna_trial_7_epoch=epoch=16.ckpt,16,0.668,0.5245382785797119,28,128,51.8911,8.3867,0.0021,3.3672,1.1427,12.5199,0.768,-2492.8381,0.0001,0.0008,0.0,0.0003,0.0005,0.0032,0.0132,0.8537
64,0.00025197141520990295,5,5,50,32,8,checkpoints/model_optuna_trial_7_epoch=epoch=17.ckpt,17,0.656,0.5402343273162842,28,128,50.5265,8.7709,0.0019,3.4033,1.1317,12.1148,0.7825,-2474.7846,0.0001,0.0008,0.0,0.0003,0.0013,0.0051,0.0263,0.8483
64,0.00025197141520990295,5,5,50,32,8,checkpoints/model_optuna_trial_7_epoch=epoch=18.ckpt,18,0.672,0.542045533657074,28,128,51.368,8.2956,0.0019,3.4215,1.1385,12.2971,0.7733,-2527.5116,0.0001,0.0004,0.0,0.0003,0.0009,0.0036,0.0124,0.8628
64,0.00025197141520990295,5,5,50,32,8,checkpoints/model_optuna_trial_7_epoch=epoch=19.ckpt,19,0.644,0.5427201390266418,28,128,52.3871,8.8261,0.002,3.404,1.1439,12.6673,0.7664,-2581.8089,0.0001,0.0008,0.0,0.0003,0.0003,0.0056,0.0135,0.8644
64,0.00025197141520990295,5,5,50,32,8,checkpoints/model_optuna_trial_7_epoch=epoch=20.ckpt,20,0.628,0.5428977012634277,28,128,51.9205,8.93,0.0019,3.4067,1.1385,12.637,0.7734,-2568.669,0.0001,0.0008,0.0,0.0003,0.0008,0.0044,0.0123,0.8368
64,0.00025197141520990295,5,5,50,32,8,checkpoints/model_optuna_trial_7_epoch=epoch=21.ckpt,21,0.652,0.5300070643424988,28,128,52.0177,8.3876,0.0019,3.4253,1.1399,12.834,0.7715,-2581.3946,0.0001,0.0008,0.0,0.0003,0.0008,0.0052,0.0121,0.8455
64,0.00025197141520990295,5,5,50,32,8,checkpoints/model_optuna_trial_7_epoch=epoch=22.ckpt,22,0.644,0.5439985394477844,28,128,52.2743,8.8421,0.0019,3.423,1.1412,12.6305,0.7699,-2602.9636,0.0001,0.0004,0.0,0.0003,0.0008,0.0029,0.0121,0.838
64,0.00025197141520990295,5,5,50,32,8,checkpoints/model_optuna_trial_7_epoch=epoch=23.ckpt,23,0.64,0.5434303879737854,28,128,51.5556,8.5987,0.0018,3.4485,1.136,12.6403,0.7765,-2587.9441,0.0001,0.0008,0.0,0.0003,0.0008,0.0057,0.0125,0.8462
64,0.00025197141520990295,5,5,50,32,8,checkpoints/model_optuna_trial_7_epoch=epoch=24.ckpt,24,0.676,0.5411221385002136,28,128,52.4254,8.9893,0.0018,3.4312,1.1414,12.6582,0.7696,-2629.7904,0.0001,0.0004,0.0,0.0004,0.0009,0.0051,0.0122,0.8524
64,0.00025197141520990295,5,5,50,32,8,checkpoints/model_optuna_trial_7_epoch=epoch=25.ckpt,25,0.656,0.5520596504211426,28,128,52.0685,8.9303,0.0017,3.452,1.1384,12.9561,0.7734,-2625.2066,0.0001,0.0005,0.0,0.0003,0.0009,0.0041,0.0138,0.8503
64,0.00025197141520990295,5,5,50,32,8,checkpoints/model_optuna_trial_7_epoch=epoch=26.ckpt,26,0.688,0.5421164631843567,28,128,52.4422,8.8361,0.0018,3.461,1.1417,12.8079,0.7691,-2656.2506,0.0001,0.0008,0.0,0.0003,0.0009,0.0049,0.0126,0.8936
64,0.00025197141520990295,5,5,50,32,8,checkpoints/model_optuna_trial_7_epoch=epoch=27.ckpt,27,0.676,0.549041211605072,28,128,53.1472,8.8605,0.0018,3.4351,1.1449,13.0786,0.7649,-2682.6134,0.0001,0.0004,0.0,0.0003,0.001,0.0032,0.0133,0.8448
64,0.00025197141520990295,5,5,50,32,8,checkpoints/model_optuna_trial_7_epoch=epoch=28.ckpt,28,0.664,0.5515625476837158,28,128,52.8687,9.1205,0.0017,3.4489,1.1426,13.0494,0.7679,-2681.1039,0.0001,0.0007,0.0,0.0003,0.001,0.003,0.0133,0.8398
64,0.00025197141520990295,5,5,50,32,8,checkpoints/model_optuna_trial_7_epoch=epoch=29.ckpt,29,0.648,0.5498579144477844,28,128,52.538,8.828,0.0017,3.4664,1.1399,12.9912,0.7712,-2674.3182,0.0001,0.0007,0.0,0.0003,0.0009,0.005,0.0123,0.8601
64,0.0321128979946532,3,20,50,8,4,checkpoints/model_optuna_trial_8_epoch=epoch=00.ckpt,0,0.524,0.2625473439693451,2,128,29.9667,11.7031,0.0,35.3204,1.1276,7.2724,0.7796,-4333.9595,0.0001,0.0008,0.0,0.0003,0.0003,0.0041,0.011,0.9356
64,0.0321128979946532,3,20,50,8,4,checkpoints/model_optuna_trial_8_epoch=epoch=01.ckpt,1,0.636,0.27616003155708313,2,128,31.8253,11.7031,0.0,28.1888,1.1288,6.1737,0.7765,-4264.2096,0.0001,0.0004,0.0,0.0003,0.0008,0.003,0.0125,0.9392
64,0.0321128979946532,3,20,50,8,4,checkpoints/model_optuna_trial_8_epoch=epoch=02.ckpt,2,0.624,0.27823150157928467,2,128,31.1125,11.7031,0.0,34.9202,1.1166,5.5812,0.7914,-3971.2869,0.0001,0.0009,0.0,0.0003,0.0005,0.0039,0.0142,0.8642
64,0.0321128979946532,3,20,50,8,4,checkpoints/model_optuna_trial_8_epoch=epoch=03.ckpt,3,0.612,0.26816999912261963,2,128,32.0459,11.7031,0.0,38.6626,1.1453,6.1498,0.7542,-4539.8308,0.0001,0.0008,0.0,0.0003,0.0009,0.0042,0.0113,1.0011
64,0.0321128979946532,3,20,50,8,4,checkpoints/model_optuna_trial_8_epoch=epoch=04.ckpt,4,0.612,0.25704309344291687,2,128,31.7221,11.7031,0.0,38.7886,1.1449,6.4787,0.7553,-4495.46,0.0001,0.0008,0.0,0.0003,0.0011,0.0032,0.0126,1.0169
64,0.0321128979946532,3,20,50,8,4,checkpoints/model_optuna_trial_8_epoch=epoch=05.ckpt,5,0.568,0.24816523492336273,2,128,30.2782,11.7031,0.0,39.2737,1.1307,7.1971,0.7753,-4255.5418,0.0001,0.0005,0.0,0.0003,0.0012,0.0027,0.0122,0.9086
64,0.0321128979946532,3,20,50,8,4,checkpoints/model_optuna_trial_8_epoch=epoch=06.ckpt,6,0.56,0.2417140007019043,2,128,29.8918,11.7031,0.0,41.8225,1.1358,6.2288,0.7686,-4139.2909,0.0001,0.0008,0.0,0.0003,0.0008,0.0044,0.0131,0.9482
64,0.04636477729787151,3,5,50,16,8,checkpoints/model_optuna_trial_9_epoch=epoch=00.ckpt,0,0.524,0.1575520932674408,1,64,16.6185,23.4062,0.0,44.4711,1.1885,7.1379,0.7024,-2618.9976,0.0001,0.0008,0.0,0.0003,0.0002,0.0027,0.0112,0.8932
64,0.04636477729787151,3,5,50,16,8,checkpoints/model_optuna_trial_9_epoch=epoch=01.ckpt,1,0.528,0.1493844836950302,1,64,16.8079,23.4062,0.0,42.5566,1.1752,8.9108,0.7173,-2434.994,0.0001,0.0003,0.0,0.0003,0.0001,0.0026,0.0129,1.0245
64,0.04636477729787151,3,5,50,16,8,checkpoints/model_optuna_trial_9_epoch=epoch=02.ckpt,2,0.524,0.10239110141992569,1,64,15.0239,23.4062,0.0,45.0375,1.1698,7.7392,0.7264,-1823.4606,0.0001,0.0006,0.0,0.0003,0.001,0.0023,0.0212,1.6905
64,0.04636477729787151,3,5,50,16,8,checkpoints/model_optuna_trial_9_epoch=epoch=03.ckpt,3,0.52,0.06859611719846725,1,64,18.7151,23.4062,0.0,32.4545,1.1944,5.8449,0.698,-1617.6405,0.0001,0.0007,0.0,0.0003,0.0008,0.0023,0.0138,2.6544
64,0.04636477729787151,3,5,50,16,8,checkpoints/model_optuna_trial_9_epoch=epoch=04.ckpt,4,0.564,0.08676609396934509,1,64,19.4398,23.4062,0.0,36.2027,1.2118,5.1647,0.678,-1642.9609,0.0001,0.0003,0.0,0.0003,0.0009,0.0015,0.013,3.2858
64,0.04636477729787151,3,5,50,16,8,checkpoints/model_optuna_trial_9_epoch=epoch=05.ckpt,5,0.508,0.08605586737394333,1,64,15.8756,23.4062,0.0,43.1163,1.2345,4.3185,0.6542,-1907.3946,0.0001,0.0003,0.0,0.0003,0.0007,0.0013,0.0129,2.2609
